Year,Locationdesc,Response,Total_SS_Loc,latitude,longitude,Percentage_Loc,Sample_Size
2011,Alabama,No,44448,32.840571122,-86.631860762,80.45,35757
2011,Alabama,Yes,44448,32.840571122,-86.631860762,19.55,8691
2011,Alaska,No,20510,64.845079957001,-147.722059036,78.92,16188
2011,Alaska,Yes,20510,64.845079957001,-147.722059036,21.05,4322
2011,Arizona,No,37558,34.86597028,-111.763811277,84.03,31558
2011,Arizona,Yes,37558,34.86597028,-111.763811277,15.98,6000
2011,Arkansas,No,27490,34.748650124,-92.274490743,80.16,22041
2011,Arkansas,Yes,27490,34.748650124,-92.274490743,19.79,5449
2011,California,No,106134,37.638640123,-120.999999538,88.53,93972
2011,California,Yes,106134,37.638640123,-120.999999538,11.48,12162
2011,Colorado,No,79064,38.843840757,-106.133610921,85.46,67568
2011,Colorado,Yes,79064,38.843840757,-106.133610921,14.55,11496
2011,Connecticut,No,39630,41.56266102,-72.649840952,85.84,34021
2011,Connecticut,Yes,39630,41.56266102,-72.649840952,14.12,5609
2011,Delaware,No,27732,39.008830667,-75.577741168,82.27,22813
2011,Delaware,Yes,27732,39.008830667,-75.577741168,17.72,4919
2011,District of Columbia,No,26448,38.890371385,-77.031961127,84.69,22399
2011,District of Columbia,Yes,26448,38.890371385,-77.031961127,15.32,4049
2011,Florida,No,71773,28.932040377,-81.928960539,83.05,59590
2011,Florida,Yes,71773,28.932040377,-81.928960539,16.99,12183
2011,Georgia,No,57729,32.839681093,-83.627580346,83.66,48281
2011,Georgia,Yes,57729,32.839681093,-83.627580346,16.38,9448
2011,Guam,No,10846,13.444304,144.793731,73.37,7958
2011,Guam,Yes,10846,13.444304,144.793731,26.64,2888
2011,Hawaii,No,44641,21.304850435,-157.857749403,86.21,38502
2011,Hawaii,Yes,44641,21.304850435,-157.857749403,13.75,6139
2011,Idaho,No,35490,43.682630005,-114.363730042,85.83,30467
2011,Idaho,Yes,35490,43.682630005,-114.363730042,14.18,5023
2011,Illinois,No,32494,40.485010283,-88.997710178,83.72,27209
2011,Illinois,Yes,32494,40.485010283,-88.997710178,16.27,5285
2011,Indiana,No,49178,39.766910452,-86.149960194,79.26,38972
2011,Indiana,Yes,49178,39.766910452,-86.149960194,20.78,10206
2011,Iowa,No,42783,42.469400913,-93.816490556,83.76,35836
2011,Iowa,Yes,42783,42.469400913,-93.816490556,16.23,6947
2011,Kansas,No,120672,38.3477403,-98.200781227,82.73,99840
2011,Kansas,Yes,120672,38.3477403,-98.200781227,17.3,20832
2011,Kentucky,No,61357,37.645970271,-84.774971048,76.38,46877
2011,Kentucky,Yes,61357,37.645970271,-84.774971048,23.6,14480
2011,Louisiana,No,63405,31.312660644,-92.445680071,79.95,50699
2011,Louisiana,Yes,63405,31.312660644,-92.445680071,20.05,12706
2011,Maine,No,77343,45.254228894001,-68.985031336,83.09,64277
2011,Maine,Yes,77343,45.254228894001,-68.985031336,16.9,13066
2011,Maryland,No,58583,39.290580964,-76.609260111,85.23,49942
2011,Maryland,Yes,58583,39.290580964,-76.609260111,14.770000000000001,8641
2011,Massachusetts,No,128754,42.27687047,-72.082690675,83.52,107544
2011,Massachusetts,Yes,128754,42.27687047,-72.082690675,16.47,21210
2011,Michigan,No,64370,44.661319543001,-84.71439027,81.83,52659
2011,Michigan,Yes,64370,44.661319543001,-84.71439027,18.16,11711
2011,Minnesota,No,89732,46.355648736,-94.794200503,83.76,75187
2011,Minnesota,Yes,89732,46.355648736,-94.794200503,16.21,14545
2011,Mississippi,No,51836,32.745510099,-89.538030825,80.18,41561
2011,Mississippi,Yes,51836,32.745510099,-89.538030825,19.83,10275
2011,Missouri,No,37241,38.635790776,-92.566300053,78.46,29213
2011,Missouri,Yes,37241,38.635790776,-92.566300053,21.54,8028
2011,Montana,No,60202,47.066528972,-109.424420645,81.65,49181
2011,Montana,Yes,60202,47.066528972,-109.424420645,18.32,11021
2011,Nebraska,No,148842,41.641040988001,-99.365720623,83.32,123997
2011,Nebraska,Yes,148842,41.641040988001,-99.365720623,16.669999999999998,24845
2011,Nevada,No,31955,39.49324039,-117.071840564,80.15,25614
2011,Nevada,Yes,31955,39.49324039,-117.071840564,19.86,6341
2011,New Hampshire,No,39375,43.655950113,-71.50036092,84.88,33421
2011,New Hampshire,Yes,39375,43.655950113,-71.50036092,15.13,5954
2011,New Jersey,No,88742,40.130570048,-74.273691288,85.0,75418
2011,New Jersey,Yes,88742,40.130570048,-74.273691288,15.01,13324
2011,New Mexico,No,55013,34.520880952,-106.240580985,82.16,45203
2011,New Mexico,Yes,55013,34.520880952,-106.240580985,17.82,9810
2011,New York,No,44661,42.827001032,-75.543970427,84.13,37574
2011,New York,Yes,44661,42.827001032,-75.543970427,15.88,7087
2011,North Carolina,No,66844,35.466220975,-79.159250463,82.3,55002
2011,North Carolina,Yes,66844,35.466220975,-79.159250463,17.68,11842
2011,North Dakota,No,30877,47.475319779,-100.118421049,83.59,25814
2011,North Dakota,Yes,30877,47.475319779,-100.118421049,16.39,5063
2011,Ohio,No,57525,40.060210141,-82.404260056,79.72,45851
2011,Ohio,Yes,57525,40.060210141,-82.404260056,20.29,11674
2011,Oklahoma,No,49997,35.472031356,-97.521070214,78.02,39023
2011,Oklahoma,Yes,49997,35.472031356,-97.521070214,21.96,10974
2011,Oregon,No,36372,44.567449424,-120.155031326,84.15,30596
2011,Oregon,Yes,36372,44.567449424,-120.155031326,15.88,5776
2011,Pennsylvania,No,66603,40.793730152,-77.860700294,80.36,53513
2011,Pennsylvania,Yes,66603,40.793730152,-77.860700294,19.66,13090
2011,Puerto Rico,No,38555,18.220833,-66.590149,89.55,34530
2011,Puerto Rico,Yes,38555,18.220833,-66.590149,10.46,4025
2011,Rhode Island,No,37827,41.708280193,-71.522470314,83.67,31649
2011,Rhode Island,Yes,37827,41.708280193,-71.522470314,16.32,6178
2011,South Carolina,No,74813,33.998821303,-81.045371207,81.52,60994
2011,South Carolina,Yes,74813,33.998821303,-81.045371207,18.48,13819
2011,South Dakota,No,48111,44.353130053,-100.373530637,81.93,39422
2011,South Dakota,Yes,48111,44.353130053,-100.373530637,18.08,8689
2011,Tennessee,No,33855,35.68094058,-85.774490914,80.47,27242
2011,Tennessee,Yes,33855,35.68094058,-85.774490914,19.56,6613
2011,Texas,No,86722,31.827240407,-99.426770206,85.25,73953
2011,Texas,Yes,86722,31.827240407,-99.426770206,14.719999999999999,12769
2011,Utah,No,73978,39.360700171,-111.587130635,89.92,66533
2011,Utah,Yes,73978,39.360700171,-111.587130635,10.09,7445
2011,Vermont,No,41293,43.625381239,-72.517640791,85.89,35461
2011,Vermont,Yes,41293,43.625381239,-72.517640791,14.13,5832
2011,Virginia,No,38274,37.542680674,-78.457890463,82.56,31617
2011,Virginia,Yes,38274,37.542680674,-78.457890463,17.4,6657
2011,Washington,No,85910,47.522278629,-120.47001079,86.33,74187
2011,Washington,Yes,85910,47.522278629,-120.47001079,13.62,11723
2011,West Virginia,No,30706,38.665510202,-80.712640135,76.01,23352
2011,West Virginia,Yes,30706,38.665510202,-80.712640135,23.92,7354
2011,Wisconsin,No,30966,44.393191174,-89.816370742,82.05,25414
2011,Wisconsin,Yes,30966,44.393191174,-89.816370742,17.93,5552
2011,Wyoming,No,40077,43.235541343,-108.109830353,81.61,32722
2011,Wyoming,Yes,40077,43.235541343,-108.109830353,18.31,7355
2012,Alabama,No,51760,32.840571122,-86.631860762,81.37,42142
2012,Alabama,Yes,51760,32.840571122,-86.631860762,18.580000000000002,9618
2012,Alaska,No,24945,64.845079957001,-147.722059036,80.23,20021
2012,Alaska,Yes,24945,64.845079957001,-147.722059036,19.73,4924
2012,Arizona,No,41609,34.86597028,-111.763811277,84.68,35233
2012,Arizona,Yes,41609,34.86597028,-111.763811277,15.32,6376
2012,Arkansas,No,29534,34.748650124,-92.274490743,79.84,23575
2012,Arkansas,Yes,29534,34.748650124,-92.274490743,20.15,5959
2012,California,No,85556,37.638640123,-120.999999538,88.72,75916
2012,California,Yes,85556,37.638640123,-120.999999538,11.27,9640
2012,Colorado,No,68369,38.843840757,-106.133610921,85.08,58160
2012,Colorado,Yes,68369,38.843840757,-106.133610921,14.959999999999999,10209
2012,Connecticut,No,50181,41.56266102,-72.649840952,86.18,43249
2012,Connecticut,Yes,50181,41.56266102,-72.649840952,13.790000000000001,6932
2012,Delaware,No,30137,39.008830667,-75.577741168,83.24,25089
2012,Delaware,Yes,30137,39.008830667,-75.577741168,16.78,5048
2012,District of Columbia,No,21733,38.890371385,-77.031961127,86.34,18763
2012,District of Columbia,Yes,21733,38.890371385,-77.031961127,13.66,2970
2012,Florida,No,43462,28.932040377,-81.928960539,84.89,36887
2012,Florida,Yes,43462,28.932040377,-81.928960539,15.1,6575
2012,Georgia,No,34486,32.839681093,-83.627580346,83.47,28790
2012,Georgia,Yes,34486,32.839681093,-83.627580346,16.51,5696
2012,Guam,No,11525,13.444304,144.793731,76.73,8843
2012,Guam,Yes,11525,13.444304,144.793731,23.25,2682
2012,Hawaii,No,44160,21.304850435,-157.857749403,85.85,37908
2012,Hawaii,Yes,44160,21.304850435,-157.857749403,14.14,6252
2012,Idaho,No,33886,43.682630005,-114.363730042,86.28,29232
2012,Idaho,Yes,33886,43.682630005,-114.363730042,13.72,4654
2012,Illinois,No,32778,40.485010283,-88.997710178,85.62,28056
2012,Illinois,Yes,32778,40.485010283,-88.997710178,14.42,4722
2012,Indiana,No,49687,39.766910452,-86.149960194,79.2,39347
2012,Indiana,Yes,49687,39.766910452,-86.149960194,20.79,10340
2012,Iowa,No,41113,42.469400913,-93.816490556,84.81,34880
2012,Iowa,Yes,41113,42.469400913,-93.816490556,15.15,6233
2012,Kansas,No,68757,38.3477403,-98.200781227,84.21,57902
2012,Kansas,Yes,68757,38.3477403,-98.200781227,15.790000000000001,10855
2012,Kentucky,No,63729,37.645970271,-84.774971048,76.41,48696
2012,Kentucky,Yes,63729,37.645970271,-84.774971048,23.61,15033
2012,Louisiana,No,52470,31.312660644,-92.445680071,80.96000000000001,42463
2012,Louisiana,Yes,52470,31.312660644,-92.445680071,19.05,10007
2012,Maine,No,57672,45.254228894001,-68.985031336,83.56,48216
2012,Maine,Yes,57672,45.254228894001,-68.985031336,16.38,9456
2012,Maryland,No,72822,39.290580964,-76.609260111,86.24,62797
2012,Maryland,Yes,72822,39.290580964,-76.609260111,13.76,10025
2012,Massachusetts,No,120558,42.27687047,-72.082690675,84.5,101842
2012,Massachusetts,Yes,120558,42.27687047,-72.082690675,15.52,18716
2012,Michigan,No,60641,44.661319543001,-84.71439027,82.25,49870
2012,Michigan,Yes,60641,44.661319543001,-84.71439027,17.79,10771
2012,Minnesota,No,69729,46.355648736,-94.794200503,83.79,58423
2012,Minnesota,Yes,69729,46.355648736,-94.794200503,16.2,11306
2012,Mississippi,No,44890,32.745510099,-89.538030825,81.4,36554
2012,Mississippi,Yes,44890,32.745510099,-89.538030825,18.57,8336
2012,Missouri,No,38854,38.635790776,-92.566300053,79.57,30911
2012,Missouri,Yes,38854,38.635790776,-92.566300053,20.41,7943
2012,Montana,No,50364,47.066528972,-109.424420645,82.19,41388
2012,Montana,Yes,50364,47.066528972,-109.424420645,17.81,8976
2012,Nebraska,No,111837,41.641040988001,-99.365720623,83.94,93907
2012,Nebraska,Yes,111837,41.641040988001,-99.365720623,16.04,17930
2012,Nevada,No,27976,39.49324039,-117.071840564,82.04,22958
2012,Nevada,Yes,27976,39.49324039,-117.071840564,17.92,5018
2012,New Hampshire,No,43438,43.655950113,-71.50036092,86.41,37521
2012,New Hampshire,Yes,43438,43.655950113,-71.50036092,13.65,5917
2012,New Jersey,No,87492,40.130570048,-74.273691288,84.74,74127
2012,New Jersey,Yes,87492,40.130570048,-74.273691288,15.3,13365
2012,New Mexico,No,50574,34.520880952,-106.240580985,82.92,41929
2012,New Mexico,Yes,50574,34.520880952,-106.240580985,17.09,8645
2012,New York,No,34564,42.827001032,-75.543970427,85.12,29417
2012,New York,Yes,34564,42.827001032,-75.543970427,14.870000000000001,5147
2012,North Carolina,No,68201,35.466220975,-79.159250463,81.49,55582
2012,North Carolina,Yes,68201,35.466220975,-79.159250463,18.48,12619
2012,North Dakota,No,28226,47.475319779,-100.118421049,83.39,23529
2012,North Dakota,Yes,28226,47.475319779,-100.118421049,16.66,4697
2012,Ohio,No,74054,40.060210141,-82.404260056,80.35,59505
2012,Ohio,Yes,74054,40.060210141,-82.404260056,19.63,14549
2012,Oklahoma,No,46759,35.472031356,-97.521070214,79.27,37080
2012,Oklahoma,Yes,46759,35.472031356,-97.521070214,20.72,9679
2012,Oregon,No,30212,44.567449424,-120.155031326,85.99,25982
2012,Oregon,Yes,30212,44.567449424,-120.155031326,14.01,4230
2012,Pennsylvania,No,114501,40.793730152,-77.860700294,81.53,93348
2012,Pennsylvania,Yes,114501,40.793730152,-77.860700294,18.46,21153
2012,Puerto Rico,No,36620,18.220833,-66.590149,90.13000000000001,33011
2012,Puerto Rico,Yes,36620,18.220833,-66.590149,9.85,3609
2012,Rhode Island,No,31396,41.708280193,-71.522470314,84.57000000000001,26549
2012,Rhode Island,Yes,31396,41.708280193,-71.522470314,15.46,4847
2012,South Carolina,No,73049,33.998821303,-81.045371207,82.61,60345
2012,South Carolina,Yes,73049,33.998821303,-81.045371207,17.4,12704
2012,South Dakota,No,45522,44.353130053,-100.373530637,81.35,37031
2012,South Dakota,Yes,45522,44.353130053,-100.373530637,18.65,8491
2012,Tennessee,No,39033,35.68094058,-85.774490914,78.05,30467
2012,Tennessee,Yes,39033,35.68094058,-85.774490914,21.95,8566
2012,Texas,No,52395,31.827240407,-99.426770206,85.15,44602
2012,Texas,Yes,52395,31.827240407,-99.426770206,14.9,7793
2012,Utah,No,71557,39.360700171,-111.587130635,91.39,65381
2012,Utah,Yes,71557,39.360700171,-111.587130635,8.64,6176
2012,Vermont,No,34848,43.625381239,-72.517640791,86.59,30163
2012,Vermont,Yes,34848,43.625381239,-72.517640791,13.43,4685
2012,Virginia,No,41785,37.542680674,-78.457890463,84.56,35332
2012,Virginia,Yes,41785,37.542680674,-78.457890463,15.46,6453
2012,Washington,No,88827,47.522278629,-120.47001079,86.5,76858
2012,Washington,Yes,88827,47.522278629,-120.47001079,13.46,11969
2012,West Virginia,No,31527,38.665510202,-80.712640135,76.1,23982
2012,West Virginia,Yes,31527,38.665510202,-80.712640135,23.94,7545
2012,Wisconsin,No,30204,44.393191174,-89.816370742,82.1,24802
2012,Wisconsin,Yes,30204,44.393191174,-89.816370742,17.89,5402
2012,Wyoming,No,35954,43.235541343,-108.109830353,84.52,30393
2012,Wyoming,Yes,35954,43.235541343,-108.109830353,15.459999999999999,5561
2013,Alabama,No,36896,32.840571122,-86.631860762,82.59,30484
2013,Alabama,Yes,36896,32.840571122,-86.631860762,17.39,6412
2013,Alaska,No,26373,64.845079957001,-147.722059036,79.32,20922
2013,Alaska,Yes,26373,64.845079957001,-147.722059036,20.68,5451
2013,Arizona,No,23992,34.86597028,-111.763811277,84.88,20367
2013,Arizona,Yes,23992,34.86597028,-111.763811277,15.11,3625
2013,Arkansas,No,29674,34.748650124,-92.274490743,80.1,23780
2013,Arkansas,Yes,29674,34.748650124,-92.274490743,19.85,5894
2013,California,No,62859,37.638640123,-120.999999538,88.45,55602
2013,California,Yes,62859,37.638640123,-120.999999538,11.58,7257
2013,Colorado,No,74953,38.843840757,-106.133610921,85.66,64191
2013,Colorado,Yes,74953,38.843840757,-106.133610921,14.36,10762
2013,Connecticut,No,43651,41.56266102,-72.649840952,85.76,37441
2013,Connecticut,Yes,43651,41.56266102,-72.649840952,14.2,6210
2013,Delaware,No,29476,39.008830667,-75.577741168,83.17999999999999,24516
2013,Delaware,Yes,29476,39.008830667,-75.577741168,16.84,4960
2013,District of Columbia,No,27485,38.890371385,-77.031961127,86.64,23805
2013,District of Columbia,Yes,27485,38.890371385,-77.031961127,13.41,3680
2013,Florida,No,192427,28.932040377,-81.928960539,83.61,160879
2013,Florida,Yes,192427,28.932040377,-81.928960539,16.43,31548
2013,Georgia,No,45029,32.839681093,-83.627580346,84.65,38111
2013,Georgia,Yes,45029,32.839681093,-83.627580346,15.38,6918
2013,Guam,No,10696,13.444304,144.793731,76.33,8163
2013,Guam,Yes,10696,13.444304,144.793731,23.7,2533
2013,Hawaii,No,45222,21.304850435,-157.857749403,87.14,39417
2013,Hawaii,Yes,45222,21.304850435,-157.857749403,12.82,5805
2013,Idaho,No,32216,43.682630005,-114.363730042,85.55,27562
2013,Idaho,Yes,32216,43.682630005,-114.363730042,14.45,4654
2013,Illinois,No,32824,40.485010283,-88.997710178,84.79,27829
2013,Illinois,Yes,32824,40.485010283,-88.997710178,15.209999999999999,4995
2013,Indiana,No,58708,39.766910452,-86.149960194,81.35,47758
2013,Indiana,Yes,58708,39.766910452,-86.149960194,18.66,10950
2013,Iowa,No,46809,42.469400913,-93.816490556,84.54,39575
2013,Iowa,Yes,46809,42.469400913,-93.816490556,15.45,7234
2013,Kansas,No,134142,38.3477403,-98.200781227,83.02,111405
2013,Kansas,Yes,134142,38.3477403,-98.200781227,16.919999999999998,22737
2013,Kentucky,No,60259,37.645970271,-84.774971048,77.28999999999999,46591
2013,Kentucky,Yes,60259,37.645970271,-84.774971048,22.66,13668
2013,Louisiana,No,30060,31.312660644,-92.445680071,82.66,24839
2013,Louisiana,Yes,30060,31.312660644,-92.445680071,17.38,5221
2013,Maine,No,46773,45.254228894001,-68.985031336,84.24,39396
2013,Maine,Yes,46773,45.254228894001,-68.985031336,15.76,7377
2013,Maryland,No,73431,39.290580964,-76.609260111,86.64,63598
2013,Maryland,Yes,73431,39.290580964,-76.609260111,13.43,9833
2013,Massachusetts,No,83292,42.27687047,-72.082690675,84.64,70520
2013,Massachusetts,Yes,83292,42.27687047,-72.082690675,15.31,12772
2013,Michigan,No,73192,44.661319543001,-84.71439027,82.69,60525
2013,Michigan,Yes,73192,44.661319543001,-84.71439027,17.310000000000002,12667
2013,Minnesota,No,81032,46.355648736,-94.794200503,85.46,69245
2013,Minnesota,Yes,81032,46.355648736,-94.794200503,14.56,11787
2013,Mississippi,No,42242,32.745510099,-89.538030825,81.22,34297
2013,Mississippi,Yes,42242,32.745510099,-89.538030825,18.830000000000002,7945
2013,Missouri,No,39837,38.635790776,-92.566300053,80.18,31951
2013,Missouri,Yes,39837,38.635790776,-92.566300053,19.86,7886
2013,Montana,No,56075,47.066528972,-109.424420645,82.4,46191
2013,Montana,Yes,56075,47.066528972,-109.424420645,17.62,9884
2013,Nebraska,No,98183,41.641040988001,-99.365720623,84.57,83075
2013,Nebraska,Yes,98183,41.641040988001,-99.365720623,15.37,15108
2013,Nevada,No,29111,39.49324039,-117.071840564,82.09,23903
2013,Nevada,Yes,29111,39.49324039,-117.071840564,17.88,5208
2013,New Hampshire,No,36768,43.655950113,-71.50036092,86.47,31797
2013,New Hampshire,Yes,36768,43.655950113,-71.50036092,13.49,4971
2013,New Jersey,No,73394,40.130570048,-74.273691288,84.7,62160
2013,New Jersey,Yes,73394,40.130570048,-74.273691288,15.31,11234
2013,New Mexico,No,53330,34.520880952,-106.240580985,83.0,44236
2013,New Mexico,Yes,53330,34.520880952,-106.240580985,17.05,9094
2013,New York,No,50436,42.827001032,-75.543970427,86.15,43451
2013,New York,Yes,50436,42.827001032,-75.543970427,13.870000000000001,6985
2013,North Carolina,No,50410,35.466220975,-79.159250463,82.18,41417
2013,North Carolina,Yes,50410,35.466220975,-79.159250463,17.81,8993
2013,North Dakota,No,44835,47.475319779,-100.118421049,82.46,36967
2013,North Dakota,Yes,44835,47.475319779,-100.118421049,17.53,7868
2013,Ohio,No,67284,40.060210141,-82.404260056,79.31,53356
2013,Ohio,Yes,67284,40.060210141,-82.404260056,20.72,13928
2013,Oklahoma,No,47755,35.472031356,-97.521070214,80.64,38500
2013,Oklahoma,Yes,47755,35.472031356,-97.521070214,19.34,9255
2013,Oregon,No,33864,44.567449424,-120.155031326,86.07000000000001,29150
2013,Oregon,Yes,33864,44.567449424,-120.155031326,13.94,4714
2013,Pennsylvania,No,64869,40.793730152,-77.860700294,81.82,53101
2013,Pennsylvania,Yes,64869,40.793730152,-77.860700294,18.18,11768
2013,Puerto Rico,No,34817,18.220833,-66.590149,91.53,31869
2013,Puerto Rico,Yes,34817,18.220833,-66.590149,8.45,2948
2013,Rhode Island,No,36399,41.708280193,-71.522470314,85.35,31067
2013,Rhode Island,Yes,36399,41.708280193,-71.522470314,14.6,5332
2013,South Carolina,No,61072,33.998821303,-81.045371207,82.81,50585
2013,South Carolina,Yes,61072,33.998821303,-81.045371207,17.2,10487
2013,South Dakota,No,39501,44.353130053,-100.373530637,82.13,32434
2013,South Dakota,Yes,39501,44.353130053,-100.373530637,17.91,7067
2013,Tennessee,No,31199,35.68094058,-85.774490914,78.28,24420
2013,Tennessee,Yes,31199,35.68094058,-85.774490914,21.759999999999998,6779
2013,Texas,No,61520,31.827240407,-99.426770206,86.09,52961
2013,Texas,Yes,61520,31.827240407,-99.426770206,13.94,8559
2013,Utah,No,73030,39.360700171,-111.587130635,91.15,66548
2013,Utah,Yes,73030,39.360700171,-111.587130635,8.88,6482
2013,Vermont,No,36541,43.625381239,-72.517640791,85.82000000000001,31368
2013,Vermont,Yes,36541,43.625381239,-72.517640791,14.14,5173
2013,Virginia,No,47412,37.542680674,-78.457890463,82.66,39195
2013,Virginia,Yes,47412,37.542680674,-78.457890463,17.35,8217
2013,Washington,No,64412,47.522278629,-120.47001079,86.97,56025
2013,Washington,Yes,64412,47.522278629,-120.47001079,13.02,8387
2013,West Virginia,No,34090,38.665510202,-80.712640135,76.16,25956
2013,West Virginia,Yes,34090,38.665510202,-80.712640135,23.86,8134
2013,Wisconsin,No,36808,44.393191174,-89.816370742,82.89,30508
2013,Wisconsin,Yes,36808,44.393191174,-89.816370742,17.11,6300
2013,Wyoming,No,36860,43.235541343,-108.109830353,84.49,31145
2013,Wyoming,Yes,36860,43.235541343,-108.109830353,15.49,5715
2014,Alabama,No,48490,32.840571122,-86.631860762,81.99,39782
2014,Alabama,Yes,48490,32.840571122,-86.631860762,17.98,8708
2014,Alaska,No,24802,64.845079957001,-147.722059036,82.11,20373
2014,Alaska,Yes,24802,64.845079957001,-147.722059036,17.830000000000002,4429
2014,Arizona,No,81486,34.86597028,-111.763811277,86.98,70888
2014,Arizona,Yes,81486,34.86597028,-111.763811277,13.01,10598
2014,Arkansas,No,28612,34.748650124,-92.274490743,81.24,23254
2014,Arkansas,Yes,28612,34.748650124,-92.274490743,18.73,5358
2014,California,No,48042,37.638640123,-120.999999538,88.21000000000001,42381
2014,California,Yes,48042,37.638640123,-120.999999538,11.76,5661
2014,Colorado,No,71661,38.843840757,-106.133610921,87.07000000000001,62368
2014,Colorado,Yes,71661,38.843840757,-106.133610921,13.01,9293
2014,Connecticut,No,43333,41.56266102,-72.649840952,87.9,38093
2014,Connecticut,Yes,43333,41.56266102,-72.649840952,12.08,5240
2014,Delaware,No,24112,39.008830667,-75.577741168,84.15,20285
2014,Delaware,Yes,24112,39.008830667,-75.577741168,15.83,3827
2014,District of Columbia,No,22264,38.890371385,-77.031961127,87.39,19452
2014,District of Columbia,Yes,22264,38.890371385,-77.031961127,12.66,2812
2014,Florida,No,53694,28.932040377,-81.928960539,86.11,46247
2014,Florida,Yes,53694,28.932040377,-81.928960539,13.87,7447
2014,Georgia,No,34737,32.839681093,-83.627580346,85.77,29786
2014,Georgia,Yes,34737,32.839681093,-83.627580346,14.23,4951
2014,Guam,No,13960,13.444304,144.793731,76.03,10612
2014,Guam,Yes,13960,13.444304,144.793731,24.0,3348
2014,Hawaii,No,40553,21.304850435,-157.857749403,86.5,35075
2014,Hawaii,Yes,40553,21.304850435,-157.857749403,13.52,5478
2014,Idaho,No,30892,43.682630005,-114.363730042,85.63,26450
2014,Idaho,Yes,30892,43.682630005,-114.363730042,14.370000000000001,4442
2014,Illinois,No,28788,40.485010283,-88.997710178,86.54,24911
2014,Illinois,Yes,28788,40.485010283,-88.997710178,13.5,3877
2014,Indiana,No,64165,39.766910452,-86.149960194,82.33,52835
2014,Indiana,Yes,64165,39.766910452,-86.149960194,17.66,11330
2014,Iowa,No,45408,42.469400913,-93.816490556,84.89999999999999,38544
2014,Iowa,Yes,45408,42.469400913,-93.816490556,15.11,6864
2014,Kansas,No,76871,38.3477403,-98.200781227,84.49,64945
2014,Kansas,Yes,76871,38.3477403,-98.200781227,15.54,11926
2014,Kentucky,No,62866,37.645970271,-84.774971048,78.78,49510
2014,Kentucky,Yes,62866,37.645970271,-84.774971048,21.240000000000002,13356
2014,Louisiana,No,38038,31.312660644,-92.445680071,79.68,30303
2014,Louisiana,Yes,38038,31.312660644,-92.445680071,20.349999999999998,7735
2014,Maine,No,51852,45.254228894001,-68.985031336,84.96000000000001,44046
2014,Maine,Yes,51852,45.254228894001,-68.985031336,15.05,7806
2014,Maryland,No,70555,39.290580964,-76.609260111,88.11,62197
2014,Maryland,Yes,70555,39.290580964,-76.609260111,11.83,8358
2014,Massachusetts,No,85494,42.27687047,-72.082690675,86.92,74328
2014,Massachusetts,Yes,85494,42.27687047,-72.082690675,13.0,11166
2014,Michigan,No,48113,44.661319543001,-84.71439027,84.22,40518
2014,Michigan,Yes,48113,44.661319543001,-84.71439027,15.79,7595
2014,Minnesota,No,92935,46.355648736,-94.794200503,85.4,79349
2014,Minnesota,Yes,92935,46.355648736,-94.794200503,14.66,13586
2014,Mississippi,No,23809,32.745510099,-89.538030825,82.64,19677
2014,Mississippi,Yes,23809,32.745510099,-89.538030825,17.34,4132
2014,Missouri,No,39816,38.635790776,-92.566300053,82.08,32675
2014,Missouri,Yes,39816,38.635790776,-92.566300053,17.89,7141
2014,Montana,No,42707,47.066528972,-109.424420645,83.28999999999999,35578
2014,Montana,Yes,42707,47.066528972,-109.424420645,16.69,7129
2014,Nebraska,No,127693,41.641040988001,-99.365720623,85.01,108517
2014,Nebraska,Yes,127693,41.641040988001,-99.365720623,15.01,19176
2014,Nevada,No,21315,39.49324039,-117.071840564,84.49,18009
2014,Nevada,Yes,21315,39.49324039,-117.071840564,15.48,3306
2014,New Hampshire,No,34214,43.655950113,-71.50036092,85.39,29207
2014,New Hampshire,Yes,34214,43.655950113,-71.50036092,14.63,5007
2014,New Jersey,No,70995,40.130570048,-74.273691288,86.16,61165
2014,New Jersey,Yes,70995,40.130570048,-74.273691288,13.83,9830
2014,New Mexico,No,48999,34.520880952,-106.240580985,84.15,41220
2014,New Mexico,Yes,48999,34.520880952,-106.240580985,15.84,7779
2014,New York,No,37395,42.827001032,-75.543970427,86.92,32502
2014,New York,Yes,37395,42.827001032,-75.543970427,13.07,4893
2014,North Carolina,No,40412,35.466220975,-79.159250463,83.19,33612
2014,North Carolina,Yes,40412,35.466220975,-79.159250463,16.8,6800
2014,North Dakota,No,43980,47.475319779,-100.118421049,84.4,37130
2014,North Dakota,Yes,43980,47.475319779,-100.118421049,15.59,6850
2014,Ohio,No,61948,40.060210141,-82.404260056,82.65,51199
2014,Ohio,Yes,61948,40.060210141,-82.404260056,17.32,10749
2014,Oklahoma,No,48033,35.472031356,-97.521070214,82.5,39644
2014,Oklahoma,Yes,48033,35.472031356,-97.521070214,17.44,8389
2014,Oregon,No,29021,44.567449424,-120.155031326,86.53,25112
2014,Oregon,Yes,29021,44.567449424,-120.155031326,13.44,3909
2014,Pennsylvania,No,61343,40.793730152,-77.860700294,82.67,50701
2014,Pennsylvania,Yes,61343,40.793730152,-77.860700294,17.330000000000002,10642
2014,Puerto Rico,No,34442,18.220833,-66.590149,90.9,31303
2014,Puerto Rico,Yes,34442,18.220833,-66.590149,9.120000000000001,3139
2014,Rhode Island,No,35481,41.708280193,-71.522470314,86.53,30693
2014,Rhode Island,Yes,35481,41.708280193,-71.522470314,13.48,4788
2014,South Carolina,No,61952,33.998821303,-81.045371207,82.72,51261
2014,South Carolina,Yes,61952,33.998821303,-81.045371207,17.24,10691
2014,South Dakota,No,41945,44.353130053,-100.373530637,83.67,35097
2014,South Dakota,Yes,41945,44.353130053,-100.373530637,16.3,6848
2014,Tennessee,No,28131,35.68094058,-85.774490914,79.92,22471
2014,Tennessee,Yes,28131,35.68094058,-85.774490914,20.07,5660
2014,Texas,No,84445,31.827240407,-99.426770206,87.21,73638
2014,Texas,Yes,84445,31.827240407,-99.426770206,12.74,10807
2014,Utah,No,84597,39.360700171,-111.587130635,91.6,77485
2014,Utah,Yes,84597,39.360700171,-111.587130635,8.38,7112
2014,Vermont,No,36126,43.625381239,-72.517640791,85.89,31033
2014,Vermont,Yes,36126,43.625381239,-72.517640791,14.1,5093
2014,Virginia,No,53232,37.542680674,-78.457890463,83.9,44666
2014,Virginia,Yes,53232,37.542680674,-78.457890463,16.080000000000002,8566
2014,Washington,No,57129,47.522278629,-120.47001079,88.2,50388
2014,Washington,Yes,57129,47.522278629,-120.47001079,11.83,6741
2014,West Virginia,No,35407,38.665510202,-80.712640135,77.5,27432
2014,West Virginia,Yes,35407,38.665510202,-80.712640135,22.53,7975
2014,Wisconsin,No,39692,44.393191174,-89.816370742,84.83,33677
2014,Wisconsin,Yes,39692,44.393191174,-89.816370742,15.17,6015
2014,Wyoming,No,35336,43.235541343,-108.109830353,85.55,30224
2014,Wyoming,Yes,35336,43.235541343,-108.109830353,14.46,5112
2015,Alabama,No,44460,32.840571122,-86.631860762,81.71,36334
2015,Alabama,Yes,44460,32.840571122,-86.631860762,18.3,8126
2015,Alaska,No,20919,64.845079957001,-147.722059036,81.97,17154
2015,Alaska,Yes,20919,64.845079957001,-147.722059036,18.0,3765
2015,Arizona,No,43973,34.86597028,-111.763811277,88.24,38804
2015,Arizona,Yes,43973,34.86597028,-111.763811277,11.75,5169
2015,Arkansas,No,29233,34.748650124,-92.274490743,83.13,24308
2015,Arkansas,Yes,29233,34.748650124,-92.274490743,16.84,4925
2015,California,No,66692,37.638640123,-120.999999538,88.54,59059
2015,California,Yes,66692,37.638640123,-120.999999538,11.39,7633
2015,Colorado,No,72119,38.843840757,-106.133610921,86.43,62307
2015,Colorado,Yes,72119,38.843840757,-106.133610921,13.62,9812
2015,Connecticut,No,65675,41.56266102,-72.649840952,88.38,58030
2015,Connecticut,Yes,65675,41.56266102,-72.649840952,11.620000000000001,7645
2015,Delaware,No,22799,39.008830667,-75.577741168,84.38,19237
2015,Delaware,Yes,22799,39.008830667,-75.577741168,15.629999999999999,3562
2015,District of Columbia,No,22012,38.890371385,-77.031961127,87.12,19180
2015,District of Columbia,Yes,22012,38.890371385,-77.031961127,12.84,2832
2015,Florida,No,54041,28.932040377,-81.928960539,86.8,46887
2015,Florida,Yes,54041,28.932040377,-81.928960539,13.25,7154
2015,Georgia,No,25960,32.839681093,-83.627580346,85.06,22086
2015,Georgia,Yes,25960,32.839681093,-83.627580346,14.92,3874
2015,Guam,No,9487,13.444304,144.793731,77.69,7370
2015,Guam,Yes,9487,13.444304,144.793731,22.3,2117
2015,Hawaii,No,40747,21.304850435,-157.857749403,87.5,35662
2015,Hawaii,Yes,40747,21.304850435,-157.857749403,12.45,5085
2015,Idaho,No,33023,43.682630005,-114.363730042,87.34,28842
2015,Idaho,Yes,33023,43.682630005,-114.363730042,12.68,4181
2015,Illinois,No,30493,40.485010283,-88.997710178,86.77,26465
2015,Illinois,Yes,30493,40.485010283,-88.997710178,13.2,4028
2015,Indiana,No,34189,39.766910452,-86.149960194,84.26,28806
2015,Indiana,Yes,34189,39.766910452,-86.149960194,15.76,5383
2015,Iowa,No,35124,42.469400913,-93.816490556,85.5,30027
2015,Iowa,Yes,35124,42.469400913,-93.816490556,14.52,5097
2015,Kansas,No,128722,38.3477403,-98.200781227,84.82,109117
2015,Kansas,Yes,128722,38.3477403,-98.200781227,15.25,19605
2015,Kentucky,No,48153,37.645970271,-84.774971048,78.78,37946
2015,Kentucky,Yes,48153,37.645970271,-84.774971048,21.150000000000002,10207
2015,Louisiana,No,26040,31.312660644,-92.445680071,82.1,21376
2015,Louisiana,Yes,26040,31.312660644,-92.445680071,17.9,4664
2015,Maine,No,52001,45.254228894001,-68.985031336,85.19,44308
2015,Maine,Yes,52001,45.254228894001,-68.985031336,14.76,7693
2015,Maryland,No,69618,39.290580964,-76.609260111,88.31,61481
2015,Maryland,Yes,69618,39.290580964,-76.609260111,11.68,8137
2015,Massachusetts,No,50626,42.27687047,-72.082690675,85.95,43500
2015,Massachusetts,Yes,50626,42.27687047,-72.082690675,14.1,7126
2015,Michigan,No,50508,44.661319543001,-84.71439027,83.06,41938
2015,Michigan,Yes,50508,44.661319543001,-84.71439027,16.96,8570
2015,Minnesota,No,95502,46.355648736,-94.794200503,85.92,82066
2015,Minnesota,Yes,95502,46.355648736,-94.794200503,14.06,13436
2015,Mississippi,No,34107,32.745510099,-89.538030825,82.8,28242
2015,Mississippi,Yes,34107,32.745510099,-89.538030825,17.2,5865
2015,Missouri,No,41360,38.635790776,-92.566300053,80.92999999999999,33477
2015,Missouri,Yes,41360,38.635790776,-92.566300053,19.05,7883
2015,Montana,No,34336,47.066528972,-109.424420645,84.08,28872
2015,Montana,Yes,34336,47.066528972,-109.424420645,15.92,5464
2015,Nebraska,No,100134,41.641040988001,-99.365720623,85.38,85504
2015,Nebraska,Yes,100134,41.641040988001,-99.365720623,14.6,14630
2015,Nevada,No,16567,39.49324039,-117.071840564,84.25,13960
2015,Nevada,Yes,16567,39.49324039,-117.071840564,15.72,2607
2015,New Hampshire,No,39235,43.655950113,-71.50036092,87.05,34155
2015,New Hampshire,Yes,39235,43.655950113,-71.50036092,12.98,5080
2015,New Jersey,No,63757,40.130570048,-74.273691288,86.71000000000001,55288
2015,New Jersey,Yes,63757,40.130570048,-74.273691288,13.27,8469
2015,New Mexico,No,37791,34.520880952,-106.240580985,85.1,32152
2015,New Mexico,Yes,37791,34.520880952,-106.240580985,14.94,5639
2015,New York,No,68355,42.827001032,-75.543970427,86.46000000000001,59106
2015,New York,Yes,68355,42.827001032,-75.543970427,13.56,9249
2015,North Carolina,No,37663,35.466220975,-79.159250463,83.18,31341
2015,North Carolina,Yes,37663,35.466220975,-79.159250463,16.79,6322
2015,North Dakota,No,28285,47.475319779,-100.118421049,84.89,24012
2015,North Dakota,Yes,28285,47.475319779,-100.118421049,15.09,4273
2015,Ohio,No,66912,40.060210141,-82.404260056,83.1,55626
2015,Ohio,Yes,66912,40.060210141,-82.404260056,16.84,11286
2015,Oklahoma,No,39337,35.472031356,-97.521070214,82.86,32612
2015,Oklahoma,Yes,39337,35.472031356,-97.521070214,17.1,6725
2015,Oregon,No,29815,44.567449424,-120.155031326,86.01,25640
2015,Oregon,Yes,29815,44.567449424,-120.155031326,14.01,4175
2015,Pennsylvania,No,32287,40.793730152,-77.860700294,83.5,26966
2015,Pennsylvania,Yes,32287,40.793730152,-77.860700294,16.48,5321
2015,Puerto Rico,No,31027,18.220833,-66.590149,91.31,28326
2015,Puerto Rico,Yes,31027,18.220833,-66.590149,8.72,2701
2015,Rhode Island,No,34281,41.708280193,-71.522470314,86.82,29756
2015,Rhode Island,Yes,34281,41.708280193,-71.522470314,13.21,4525
2015,South Carolina,No,65352,33.998821303,-81.045371207,83.98,54898
2015,South Carolina,Yes,65352,33.998821303,-81.045371207,15.95,10454
2015,South Dakota,No,41185,44.353130053,-100.373530637,84.2,34669
2015,South Dakota,Yes,41185,44.353130053,-100.373530637,15.81,6516
2015,Tennessee,No,33145,35.68094058,-85.774490914,80.52,26689
2015,Tennessee,Yes,33145,35.68094058,-85.774490914,19.47,6456
2015,Texas,No,81197,31.827240407,-99.426770206,86.89,70544
2015,Texas,Yes,81197,31.827240407,-99.426770206,13.08,10653
2015,Utah,No,64459,39.360700171,-111.587130635,91.97,59289
2015,Utah,Yes,64459,39.360700171,-111.587130635,8.02,5170
2015,Vermont,No,36661,43.625381239,-72.517640791,85.81,31458
2015,Vermont,Yes,36661,43.625381239,-72.517640791,14.19,5203
2015,Virginia,No,48927,37.542680674,-78.457890463,85.06,41599
2015,Virginia,Yes,48927,37.542680674,-78.457890463,15.02,7328
2015,Washington,No,90819,47.522278629,-120.47001079,88.15,80045
2015,Washington,Yes,90819,47.522278629,-120.47001079,11.88,10774
2015,West Virginia,No,33751,38.665510202,-80.712640135,76.98,25991
2015,West Virginia,Yes,33751,38.665510202,-80.712640135,22.990000000000002,7760
2015,Wisconsin,No,35122,44.393191174,-89.816370742,83.99,29500
2015,Wisconsin,Yes,35122,44.393191174,-89.816370742,16.04,5622
2015,Wyoming,No,30724,43.235541343,-108.109830353,85.29,26200
2015,Wyoming,Yes,30724,43.235541343,-108.109830353,14.72,4524
2016,Alabama,No,39263,32.84057112200048,-86.63186076199969,81.31,31923
2016,Alabama,Yes,39263,32.84057112200048,-86.63186076199969,18.69,7340
2016,Alaska,No,16588,64.84507995700051,-147.72205903599973,81.34,13491
2016,Alaska,Yes,16588,64.84507995700051,-147.72205903599973,18.63,3097
2016,Arizona,No,61172,34.865970280000454,-111.76381127699972,87.51,53511
2016,Arizona,Yes,61172,34.865970280000454,-111.76381127699972,12.52,7661
2016,Arkansas,No,29682,34.74865012400045,-92.27449074299966,83.23,24703
2016,Arkansas,Yes,29682,34.74865012400045,-92.27449074299966,16.8,4979
2016,California,No,61205,37.63864012300047,-120.99999953799971,89.03999999999999,54514
2016,California,Yes,61205,37.63864012300047,-120.99999953799971,10.94,6691
2016,Colorado,No,79902,38.843840757000464,-106.13361092099967,87.18,69664
2016,Colorado,Yes,79902,38.843840757000464,-106.13361092099967,12.82,10238
2016,Connecticut,No,61879,41.56266102000046,-72.64984095199964,89.09,55143
2016,Connecticut,Yes,61879,41.56266102000046,-72.64984095199964,10.9,6736
2016,Delaware,No,22764,39.008830667000495,-75.57774116799965,83.39,18980
2016,Delaware,Yes,22764,39.008830667000495,-75.57774116799965,16.65,3784
2016,District of Columbia,No,21564,38.89037138500049,-77.03196112699965,85.05,18340
2016,District of Columbia,Yes,21564,38.89037138500049,-77.03196112699965,14.94,3224
2016,Florida,No,203604,28.932040377000476,-81.92896053899966,84.27000000000001,171575
2016,Florida,Yes,203604,28.932040377000476,-81.92896053899966,15.73,32029
2016,Georgia,No,29966,32.83968109300048,-83.62758034599966,84.17,25224
2016,Georgia,Yes,29966,32.83968109300048,-83.62758034599966,15.790000000000001,4742
2016,Guam,No,8993,13.444304,144.793731,80.41,7231
2016,Guam,Yes,8993,13.444304,144.793731,19.57,1762
2016,Hawaii,No,45937,21.304850435000446,-157.85774940299973,87.94,40393
2016,Hawaii,Yes,45937,21.304850435000446,-157.85774940299973,12.07,5544
2016,Idaho,No,29896,43.682630005000476,-114.3637300419997,87.65,26203
2016,Idaho,Yes,29896,43.682630005000476,-114.3637300419997,12.31,3693
2016,Illinois,No,27337,40.48501028300046,-88.99771017799969,86.43,23632
2016,Illinois,Yes,27337,40.48501028300046,-88.99771017799969,13.57,3705
2016,Indiana,No,62759,39.766910452000445,-86.14996019399968,82.81,51998
2016,Indiana,Yes,62759,39.766910452000445,-86.14996019399968,17.1,10761
2016,Iowa,No,40993,42.46940091300047,-93.81649055599968,86.34,35384
2016,Iowa,Yes,40993,42.46940091300047,-93.81649055599968,13.67,5609
2016,Kansas,No,67416,38.34774030000045,-98.20078122699965,84.9,57219
2016,Kansas,Yes,67416,38.34774030000045,-98.20078122699965,15.120000000000001,10197
2016,Kentucky,No,57949,37.645970271000465,-84.77497104799966,79.68,46194
2016,Kentucky,Yes,57949,37.645970271000465,-84.77497104799966,20.28,11755
2016,Louisiana,No,29360,31.31266064400046,-92.44568007099969,82.36,24179
2016,Louisiana,Yes,29360,31.31266064400046,-92.44568007099969,17.68,5181
2016,Maine,No,57801,45.254228894000505,-68.98503133599962,84.37,48761
2016,Maine,Yes,57801,45.254228894000505,-68.98503133599962,15.64,9040
2016,Maryland,No,102155,39.29058096400047,-76.60926011099963,87.82,89710
2016,Maryland,Yes,102155,39.29058096400047,-76.60926011099963,12.17,12445
2016,Massachusetts,No,45741,42.27687047000046,-72.08269067499964,86.88,39737
2016,Massachusetts,Yes,45741,42.27687047000046,-72.08269067499964,13.09,6004
2016,Michigan,No,68109,44.6613195430005,-84.71439026999968,82.99,56525
2016,Michigan,Yes,68109,44.6613195430005,-84.71439026999968,16.990000000000002,11584
2016,Minnesota,No,95369,46.35564873600049,-94.79420050299967,86.35,82344
2016,Minnesota,Yes,95369,46.35564873600049,-94.79420050299967,13.64,13025
2016,Mississippi,No,28895,32.745510099000455,-89.53803082499968,81.76,23630
2016,Mississippi,Yes,28895,32.745510099000455,-89.53803082499968,18.23,5265
2016,Missouri,No,40214,38.635790776000476,-92.56630005299968,81.29,32690
2016,Missouri,Yes,40214,38.635790776000476,-92.56630005299968,18.65,7524
2016,Montana,No,34033,47.06652897200047,-109.42442064499971,83.64,28463
2016,Montana,Yes,34033,47.06652897200047,-109.42442064499971,16.35,5570
2016,Nebraska,No,87073,41.6410409880005,-99.36572062299967,85.07,74101
2016,Nebraska,Yes,87073,41.6410409880005,-99.36572062299967,14.91,12972
2016,Nevada,No,24562,39.493240390000494,-117.07184056399967,84.76,20821
2016,Nevada,Yes,24562,39.493240390000494,-117.07184056399967,15.2,3741
2016,New Hampshire,No,36152,43.65595011300047,-71.50036091999965,86.37,31219
2016,New Hampshire,Yes,36152,43.65595011300047,-71.50036091999965,13.68,4933
2016,New Jersey,No,42478,40.13057004800049,-74.27369128799967,86.52,36750
2016,New Jersey,Yes,42478,40.13057004800049,-74.27369128799967,13.47,5728
2016,New Mexico,No,34124,34.52088095200048,-106.24058098499967,85.51,29183
2016,New Mexico,Yes,34124,34.52088095200048,-106.24058098499967,14.46,4941
2016,New York,No,189452,42.82700103200045,-75.54397042699964,83.69,158620
2016,New York,Yes,189452,42.82700103200045,-75.54397042699964,16.25,30832
2016,North Carolina,No,36945,35.466220975000454,-79.15925046299964,82.91,30637
2016,North Carolina,Yes,36945,35.466220975000454,-79.15925046299964,17.08,6308
2016,North Dakota,No,32653,47.47531977900047,-100.11842104899966,84.81,27690
2016,North Dakota,Yes,32653,47.47531977900047,-100.11842104899966,15.19,4963
2016,Ohio,No,70141,40.06021014100048,-82.40426005599966,81.78,57372
2016,Ohio,Yes,70141,40.06021014100048,-82.40426005599966,18.22,12769
2016,Oklahoma,No,38867,35.47203135600046,-97.52107021399968,84.79,32945
2016,Oklahoma,Yes,38867,35.47203135600046,-97.52107021399968,15.23,5922
2016,Oregon,No,29926,44.56744942400047,-120.15503132599969,85.92,25724
2016,Oregon,Yes,29926,44.56744942400047,-120.15503132599969,14.02,4202
2016,Pennsylvania,No,38827,40.79373015200048,-77.86070029399963,84.08,32648
2016,Pennsylvania,Yes,38827,40.79373015200048,-77.86070029399963,15.9,6179
2016,Puerto Rico,No,33303,18.220833,-66.590149,91.28,30409
2016,Puerto Rico,Yes,33303,18.220833,-66.590149,8.7,2894
2016,Rhode Island,No,30594,41.70828019300046,-71.52247031399963,86.09,26336
2016,Rhode Island,Yes,30594,41.70828019300046,-71.52247031399963,13.89,4258
2016,South Carolina,No,63178,33.998821303000454,-81.04537120699968,84.21,53219
2016,South Carolina,Yes,63178,33.998821303000454,-81.04537120699968,15.77,9959
2016,South Dakota,No,32825,44.353130053000484,-100.3735306369997,84.6,27769
2016,South Dakota,Yes,32825,44.353130053000484,-100.3735306369997,15.379999999999999,5056
2016,Tennessee,No,34405,35.68094058000048,-85.77449091399967,79.99,27508
2016,Tennessee,Yes,34405,35.68094058000048,-85.77449091399967,19.98,6897
2016,Texas,No,65508,31.827240407000488,-99.42677020599967,86.89,56902
2016,Texas,Yes,65508,31.827240407000488,-99.42677020599967,13.19,8606
2016,Utah,No,62050,39.360700171000474,-111.58713063499971,92.4,57321
2016,Utah,Yes,62050,39.360700171000474,-111.58713063499971,7.63,4729
2016,Vermont,No,36959,43.62538123900049,-72.51764079099962,85.69,31671
2016,Vermont,Yes,36959,43.62538123900049,-72.51764079099962,14.34,5288
2016,Virgin Islands,No,7160,18.335765,-64.896335,94.38,6757
2016,Virgin Islands,Yes,7160,18.335765,-64.896335,5.61,403
2016,Virginia,No,51035,37.54268067400045,-78.45789046299967,85.46,43616
2016,Virginia,Yes,51035,37.54268067400045,-78.45789046299967,14.57,7419
2016,Washington,No,80898,47.52227862900048,-120.47001078999972,88.41,71509
2016,Washington,Yes,80898,47.52227862900048,-120.47001078999972,11.63,9389
2016,West Virginia,No,40821,38.66551020200046,-80.71264013499967,78.25,31938
2016,West Virginia,Yes,40821,38.66551020200046,-80.71264013499967,21.75,8883
2016,Wisconsin,No,29313,44.39319117400049,-89.81637074199966,85.08,24944
2016,Wisconsin,Yes,29313,44.39319117400049,-89.81637074199966,14.91,4369
2016,Wyoming,No,25773,43.23554134300048,-108.10983035299967,85.82,22119
2016,Wyoming,Yes,25773,43.23554134300048,-108.10983035299967,14.19,3654
2017,Alabama,No,37445,32.84057112200048,-86.63186076199969,82.22,30792
2017,Alabama,Yes,37445,32.84057112200048,-86.63186076199969,17.76,6653
2017,Alaska,No,18197,64.84507995700051,-147.72205903599973,82.51,15019
2017,Alaska,Yes,18197,64.84507995700051,-147.72205903599973,17.47,3178
2017,Arizona,No,85893,34.865970280000454,-111.76381127699972,86.54,74339
2017,Arizona,Yes,85893,34.865970280000454,-111.76381127699972,13.45,11554
2017,Arkansas,No,29579,34.74865012400045,-92.27449074299966,84.03,24856
2017,Arkansas,Yes,29579,34.74865012400045,-92.27449074299966,15.96,4723
2017,California,No,51180,37.63864012300047,-120.99999953799971,89.0,45547
2017,California,Yes,51180,37.63864012300047,-120.99999953799971,10.99,5633
2017,Colorado,No,52166,38.843840757000464,-106.13361092099967,87.51,45654
2017,Colorado,Yes,52166,38.843840757000464,-106.13361092099967,12.51,6512
2017,Connecticut,No,58497,41.56266102000046,-72.64984095199964,89.42,52300
2017,Connecticut,Yes,58497,41.56266102000046,-72.64984095199964,10.59,6197
2017,Delaware,No,22995,39.008830667000495,-75.57774116799965,84.9,19523
2017,Delaware,Yes,22995,39.008830667000495,-75.57774116799965,15.1,3472
2017,District of Columbia,No,21766,38.89037138500049,-77.03196112699965,85.16,18537
2017,District of Columbia,Yes,21766,38.89037138500049,-77.03196112699965,14.83,3229
2017,Florida,No,122554,28.932040377000476,-81.92896053899966,82.09,100586
2017,Florida,Yes,122554,28.932040377000476,-81.92896053899966,17.91,21968
2017,Georgia,No,33271,32.83968109300048,-83.62758034599966,85.0,28278
2017,Georgia,Yes,33271,32.83968109300048,-83.62758034599966,14.98,4993
2017,Guam,No,8523,13.444304,144.793731,77.42999999999999,6599
2017,Guam,Yes,8523,13.444304,144.793731,22.56,1924
2017,Hawaii,No,43948,21.304850435000446,-157.85774940299973,87.98,38667
2017,Hawaii,Yes,43948,21.304850435000446,-157.85774940299973,12.01,5281
2017,Idaho,No,28032,43.682630005000476,-114.3637300419997,87.93,24637
2017,Idaho,Yes,28032,43.682630005000476,-114.3637300419997,12.08,3395
2017,Illinois,No,31679,40.48501028300046,-88.99771017799969,86.98,27551
2017,Illinois,Yes,31679,40.48501028300046,-88.99771017799969,13.03,4128
2017,Indiana,No,78044,39.766910452000445,-86.14996019399968,82.53,64389
2017,Indiana,Yes,78044,39.766910452000445,-86.14996019399968,17.47,13655
2017,Iowa,No,43562,42.46940091300047,-93.81649055599968,84.77,36900
2017,Iowa,Yes,43562,42.46940091300047,-93.81649055599968,15.29,6662
2017,Kansas,No,120990,38.34774030000045,-98.20078122699965,84.73,102542
2017,Kansas,Yes,120990,38.34774030000045,-98.20078122699965,15.23,18448
2017,Kentucky,No,47391,37.645970271000465,-84.77497104799966,78.88,37385
2017,Kentucky,Yes,47391,37.645970271000465,-84.77497104799966,21.13,10006
2017,Louisiana,No,26544,31.31266064400046,-92.44568007099969,79.95,21224
2017,Louisiana,Yes,26544,31.31266064400046,-92.44568007099969,20.02,5320
2017,Maine,No,55296,45.254228894000505,-68.98503133599962,85.5,47268
2017,Maine,Yes,55296,45.254228894000505,-68.98503133599962,14.53,8028
2017,Maryland,No,75197,39.29058096400047,-76.60926011099963,88.28,66350
2017,Maryland,Yes,75197,39.29058096400047,-76.60926011099963,11.76,8847
2017,Massachusetts,No,38310,42.27687047000046,-72.08269067499964,88.55,33928
2017,Massachusetts,Yes,38310,42.27687047000046,-72.08269067499964,11.450000000000001,4382
2017,Michigan,No,61316,44.6613195430005,-84.71439026999968,84.18,51626
2017,Michigan,Yes,61316,44.6613195430005,-84.71439026999968,15.81,9690
2017,Minnesota,No,96094,46.35564873600049,-94.79420050299967,86.4,83036
2017,Minnesota,Yes,96094,46.35564873600049,-94.79420050299967,13.6,13058
2017,Mississippi,No,28367,32.745510099000455,-89.53803082499968,82.64,23435
2017,Mississippi,Yes,28367,32.745510099000455,-89.53803082499968,17.39,4932
2017,Missouri,No,42930,38.635790776000476,-92.56630005299968,82.08,35239
2017,Missouri,Yes,42930,38.635790776000476,-92.56630005299968,17.87,7691
2017,Montana,No,33759,47.06652897200047,-109.42442064499971,83.43,28170
2017,Montana,Yes,33759,47.06652897200047,-109.42442064499971,16.55,5589
2017,Nebraska,No,87399,41.6410409880005,-99.36572062299967,86.08,75246
2017,Nebraska,Yes,87399,41.6410409880005,-99.36572062299967,13.879999999999999,12153
2017,Nevada,No,21251,39.493240390000494,-117.07184056399967,84.38,17929
2017,Nevada,Yes,21251,39.493240390000494,-117.07184056399967,15.620000000000001,3322
2017,New Hampshire,No,31992,43.65595011300047,-71.50036091999965,87.12,27873
2017,New Hampshire,Yes,31992,43.65595011300047,-71.50036091999965,12.89,4119
2017,New Jersey,No,65464,40.13057004800049,-74.27369128799967,87.37,57191
2017,New Jersey,Yes,65464,40.13057004800049,-74.27369128799967,12.63,8273
2017,New Mexico,No,36700,34.52088095200048,-106.24058098499967,84.2,30907
2017,New Mexico,Yes,36700,34.52088095200048,-106.24058098499967,15.8,5793
2017,New York,No,67831,42.82700103200045,-75.54397042699964,86.34,58573
2017,New York,Yes,67831,42.82700103200045,-75.54397042699964,13.66,9258
2017,North Carolina,No,27619,35.466220975000454,-79.15925046299964,83.81,23143
2017,North Carolina,Yes,27619,35.466220975000454,-79.15925046299964,16.21,4476
2017,North Dakota,No,39781,47.47531977900047,-100.11842104899966,84.39,33574
2017,North Dakota,Yes,39781,47.47531977900047,-100.11842104899966,15.65,6207
2017,Ohio,No,69375,40.06021014100048,-82.40426005599966,82.49,57226
2017,Ohio,Yes,69375,40.06021014100048,-82.40426005599966,17.490000000000002,12149
2017,Oklahoma,No,36921,35.47203135600046,-97.52107021399968,84.13,31053
2017,Oklahoma,Yes,36921,35.47203135600046,-97.52107021399968,15.89,5868
2017,Oregon,No,29904,44.56744942400047,-120.15503132599969,85.91,25688
2017,Oregon,Yes,29904,44.56744942400047,-120.15503132599969,14.07,4216
2017,Pennsylvania,No,37283,40.79373015200048,-77.86070029399963,82.54,30753
2017,Pennsylvania,Yes,37283,40.79373015200048,-77.86070029399963,17.52,6530
2017,Puerto Rico,No,25859,18.220833,-66.590149,90.67,23447
2017,Puerto Rico,Yes,25859,18.220833,-66.590149,9.31,2412
2017,Rhode Island,No,31307,41.70828019300046,-71.52247031399963,87.26,27326
2017,Rhode Island,Yes,31307,41.70828019300046,-71.52247031399963,12.709999999999999,3981
2017,South Carolina,No,63401,33.998821303000454,-81.04537120699968,85.03999999999999,53916
2017,South Carolina,Yes,63401,33.998821303000454,-81.04537120699968,14.959999999999999,9485
2017,South Dakota,No,39925,44.353130053000484,-100.3735306369997,82.17,32814
2017,South Dakota,Yes,39925,44.353130053000484,-100.3735306369997,17.84,7111
2017,Tennessee,No,32458,35.68094058000048,-85.77449091399967,78.81,25580
2017,Tennessee,Yes,32458,35.68094058000048,-85.77449091399967,21.21,6878
2017,Texas,No,68546,31.827240407000488,-99.42677020599967,87.18,59744
2017,Texas,Yes,68546,31.827240407000488,-99.42677020599967,12.81,8802
2017,Utah,No,58198,39.360700171000474,-111.58713063499971,91.82,53422
2017,Utah,Yes,58198,39.360700171000474,-111.58713063499971,8.21,4776
2017,Vermont,No,36360,43.62538123900049,-72.51764079099962,86.47,31441
2017,Vermont,Yes,36360,43.62538123900049,-72.51764079099962,13.53,4919
2017,Virginia,No,54195,37.54268067400045,-78.45789046299967,85.61,46365
2017,Virginia,Yes,54195,37.54268067400045,-78.45789046299967,14.41,7830
2017,Washington,No,74663,47.52227862900048,-120.47001078999972,88.24,65886
2017,Washington,Yes,74663,47.52227862900048,-120.47001078999972,11.76,8777
2017,West Virginia,No,31380,38.66551020200046,-80.71264013499967,77.91,24446
2017,West Virginia,Yes,31380,38.66551020200046,-80.71264013499967,22.12,6934
2017,Wisconsin,No,32621,44.39319117400049,-89.81637074199966,84.87,27690
2017,Wisconsin,Yes,32621,44.39319117400049,-89.81637074199966,15.16,4931
2017,Wyoming,No,25616,43.23554134300048,-108.10983035299967,85.05,21785
2017,Wyoming,Yes,25616,43.23554134300048,-108.10983035299967,14.969999999999999,3831
2018,Alabama,No,36735,32.84057112200048,-86.63186076199969,83.08,30527
2018,Alabama,Yes,36735,32.84057112200048,-86.63186076199969,16.91,6208
2018,Alaska,No,15746,64.84507995700051,-147.72205903599973,82.78,13033
2018,Alaska,Yes,15746,64.84507995700051,-147.72205903599973,17.23,2713
2018,Arizona,No,45223,34.865970280000454,-111.76381127699972,86.38,39049
2018,Arizona,Yes,45223,34.865970280000454,-111.76381127699972,13.64,6174
2018,Arkansas,No,30111,34.74865012400045,-92.27449074299966,82.98,24985
2018,Arkansas,Yes,30111,34.74865012400045,-92.27449074299966,17.01,5126
2018,California,No,65470,37.63864012300047,-120.99999953799971,89.02,58302
2018,California,Yes,65470,37.63864012300047,-120.99999953799971,10.96,7168
2018,Colorado,No,47894,38.843840757000464,-106.13361092099967,87.16,41746
2018,Colorado,Yes,47894,38.843840757000464,-106.13361092099967,12.82,6148
2018,Connecticut,No,59734,41.56266102000046,-72.64984095199964,89.38,53376
2018,Connecticut,Yes,59734,41.56266102000046,-72.64984095199964,10.65,6358
2018,Delaware,No,29192,39.008830667000495,-75.57774116799965,84.58,24691
2018,Delaware,Yes,29192,39.008830667000495,-75.57774116799965,15.4,4501
2018,District of Columbia,No,24229,38.89037138500049,-77.03196112699965,87.84,21282
2018,District of Columbia,Yes,24229,38.89037138500049,-77.03196112699965,12.14,2947
2018,Florida,No,84978,28.932040377000476,-81.92896053899966,82.93,70462
2018,Florida,Yes,84978,28.932040377000476,-81.92896053899966,17.07,14516
2018,Georgia,No,51187,32.83968109300048,-83.62758034599966,85.61,43814
2018,Georgia,Yes,51187,32.83968109300048,-83.62758034599966,14.41,7373
2018,Guam,No,9155,13.444304,144.793731,80.58,7374
2018,Guam,Yes,9155,13.444304,144.793731,19.47,1781
2018,Hawaii,No,44523,21.304850435000446,-157.85774940299973,87.17,38819
2018,Hawaii,Yes,44523,21.304850435000446,-157.85774940299973,12.8,5704
2018,Idaho,No,21143,43.682630005000476,-114.3637300419997,87.09,18414
2018,Idaho,Yes,21143,43.682630005000476,-114.3637300419997,12.88,2729
2018,Illinois,No,30294,40.48501028300046,-88.99771017799969,85.92,26039
2018,Illinois,Yes,30294,40.48501028300046,-88.99771017799969,14.05,4255
2018,Indiana,No,42089,39.766910452000445,-86.14996019399968,82.12,34565
2018,Indiana,Yes,42089,39.766910452000445,-86.14996019399968,17.86,7524
2018,Iowa,No,51865,42.46940091300047,-93.81649055599968,84.76,43969
2018,Iowa,Yes,51865,42.46940091300047,-93.81649055599968,15.19,7896
2018,Kansas,No,60755,38.34774030000045,-98.20078122699965,85.47,51904
2018,Kansas,Yes,60755,38.34774030000045,-98.20078122699965,14.55,8851
2018,Kentucky,No,48306,37.645970271000465,-84.77497104799966,80.09,38698
2018,Kentucky,Yes,48306,37.645970271000465,-84.77497104799966,19.87,9608
2018,Louisiana,No,28452,31.31266064400046,-92.44568007099969,80.61,22924
2018,Louisiana,Yes,28452,31.31266064400046,-92.44568007099969,19.47,5528
2018,Maine,No,62229,45.254228894000505,-68.98503133599962,85.59,53272
2018,Maine,Yes,62229,45.254228894000505,-68.98503133599962,14.370000000000001,8957
2018,Maryland,No,98104,39.29058096400047,-76.60926011099963,88.87,87191
2018,Maryland,Yes,98104,39.29058096400047,-76.60926011099963,11.110000000000001,10913
2018,Massachusetts,No,37513,42.27687047000046,-72.08269067499964,88.31,33117
2018,Massachusetts,Yes,37513,42.27687047000046,-72.08269067499964,11.74,4396
2018,Michigan,No,58087,44.6613195430005,-84.71439026999968,83.22,48358
2018,Michigan,Yes,58087,44.6613195430005,-84.71439026999968,16.77,9729
2018,Minnesota,No,97030,46.35564873600049,-94.79420050299967,85.98,83407
2018,Minnesota,Yes,97030,46.35564873600049,-94.79420050299967,14.06,13623
2018,Mississippi,No,33016,32.745510099000455,-89.53803082499968,80.94,26722
2018,Mississippi,Yes,33016,32.745510099000455,-89.53803082499968,19.06,6294
2018,Missouri,No,35352,38.635790776000476,-92.56630005299968,83.21,29431
2018,Missouri,Yes,35352,38.635790776000476,-92.56630005299968,16.76,5921
2018,Montana,No,29560,47.06652897200047,-109.42442064499971,82.89,24516
2018,Montana,Yes,29560,47.06652897200047,-109.42442064499971,17.04,5044
2018,Nebraska,No,83254,41.6410409880005,-99.36572062299967,86.37,71910
2018,Nebraska,Yes,83254,41.6410409880005,-99.36572062299967,13.63,11344
2018,Nevada,No,18193,39.493240390000494,-117.07184056399967,84.54,15378
2018,Nevada,Yes,18193,39.493240390000494,-117.07184056399967,15.49,2815
2018,New Hampshire,No,32381,43.65595011300047,-71.50036091999965,87.76,28407
2018,New Hampshire,Yes,32381,43.65595011300047,-71.50036091999965,12.32,3974
2018,New Jersey,No,17171,40.13057004800049,-74.27369128799967,87.4,15007
2018,New Jersey,Yes,17171,40.13057004800049,-74.27369128799967,12.620000000000001,2164
2018,New Mexico,No,38119,34.52088095200048,-106.24058098499967,85.12,32448
2018,New Mexico,Yes,38119,34.52088095200048,-106.24058098499967,14.870000000000001,5671
2018,New York,No,196840,42.82700103200045,-75.54397042699964,84.41,166107
2018,New York,Yes,196840,42.82700103200045,-75.54397042699964,15.61,30733
2018,North Carolina,No,26501,35.466220975000454,-79.15925046299964,83.37,22085
2018,North Carolina,Yes,26501,35.466220975000454,-79.15925046299964,16.7,4416
2018,North Dakota,No,32160,47.47531977900047,-100.11842104899966,85.36999999999999,27446
2018,North Dakota,Yes,32160,47.47531977900047,-100.11842104899966,14.64,4714
2018,Ohio,No,72613,40.06021014100048,-82.40426005599966,81.23,59009
2018,Ohio,Yes,72613,40.06021014100048,-82.40426005599966,18.71,13604
2018,Oklahoma,No,29602,35.47203135600046,-97.52107021399968,83.35000000000001,24677
2018,Oklahoma,Yes,29602,35.47203135600046,-97.52107021399968,16.62,4925
2018,Oregon,No,33140,44.56744942400047,-120.15503132599969,85.24,28255
2018,Oregon,Yes,33140,44.56744942400047,-120.15503132599969,14.75,4885
2018,Pennsylvania,No,34843,40.79373015200048,-77.86070029399963,83.92,29236
2018,Pennsylvania,Yes,34843,40.79373015200048,-77.86070029399963,16.05,5607
2018,Puerto Rico,No,27883,18.220833,-66.590149,91.0,25366
2018,Puerto Rico,Yes,27883,18.220833,-66.590149,9.03,2517
2018,Rhode Island,No,31342,41.70828019300046,-71.52247031399963,86.52,27118
2018,Rhode Island,Yes,31342,41.70828019300046,-71.52247031399963,13.48,4224
2018,South Carolina,No,61163,33.998821303000454,-81.04537120699968,85.66,52380
2018,South Carolina,Yes,61163,33.998821303000454,-81.04537120699968,14.34,8783
2018,South Dakota,No,40224,44.353130053000484,-100.3735306369997,83.12,33452
2018,South Dakota,Yes,40224,44.353130053000484,-100.3735306369997,16.82,6772
2018,Tennessee,No,28708,35.68094058000048,-85.77449091399967,79.5,22821
2018,Tennessee,Yes,28708,35.68094058000048,-85.77449091399967,20.45,5887
2018,Texas,No,62152,31.827240407000488,-99.42677020599967,86.78,53947
2018,Texas,Yes,62152,31.827240407000488,-99.42677020599967,13.25,8205
2018,Utah,No,60321,39.360700171000474,-111.58713063499971,91.74,55354
2018,Utah,Yes,60321,39.360700171000474,-111.58713063499971,8.23,4967
2018,Vermont,No,37122,43.62538123900049,-72.51764079099962,87.79,32595
2018,Vermont,Yes,37122,43.62538123900049,-72.51764079099962,12.19,4527
2018,Virginia,No,58533,37.54268067400045,-78.45789046299967,85.42,49998
2018,Virginia,Yes,58533,37.54268067400045,-78.45789046299967,14.58,8535
2018,Washington,No,73033,47.52227862900048,-120.47001078999972,89.55,65395
2018,Washington,Yes,73033,47.52227862900048,-120.47001078999972,10.5,7638
2018,West Virginia,No,28206,38.66551020200046,-80.71264013499967,78.81,22229
2018,West Virginia,Yes,28206,38.66551020200046,-80.71264013499967,21.15,5977
2018,Wisconsin,No,28135,44.39319117400049,-89.81637074199966,84.44,23762
2018,Wisconsin,Yes,28135,44.39319117400049,-89.81637074199966,15.52,4373
2018,Wyoming,No,25576,43.23554134300048,-108.10983035299967,85.01,21746
2018,Wyoming,Yes,25576,43.23554134300048,-108.10983035299967,14.97,3830
2019,Alabama,No,39180,32.84057112200048,-86.63186076199969,82.73,32413
2019,Alabama,Yes,39180,32.84057112200048,-86.63186076199969,17.27,6767
2019,Alaska,No,16604,64.84507995700051,-147.72205903599973,83.86,13923
2019,Alaska,Yes,16604,64.84507995700051,-147.72205903599973,16.12,2681
2019,Arizona,No,49348,34.865970280000454,-111.76381127699972,86.75,42815
2019,Arizona,Yes,49348,34.865970280000454,-111.76381127699972,13.23,6533
2019,Arkansas,No,29601,34.74865012400045,-92.27449074299966,83.74000000000001,24793
2019,Arkansas,Yes,29601,34.74865012400045,-92.27449074299966,16.23,4808
2019,California,No,63907,37.63864012300047,-120.99999953799971,89.87,57435
2019,California,Yes,63907,37.63864012300047,-120.99999953799971,10.1,6472
2019,Colorado,No,50573,38.843840757000464,-106.13361092099967,88.11,44566
2019,Colorado,Yes,50573,38.843840757000464,-106.13361092099967,11.92,6007
2019,Connecticut,No,50265,41.56266102000046,-72.64984095199964,89.64,45056
2019,Connecticut,Yes,50265,41.56266102000046,-72.64984095199964,10.370000000000001,5209
2019,Delaware,No,21516,39.008830667000495,-75.57774116799965,85.73,18443
2019,Delaware,Yes,21516,39.008830667000495,-75.57774116799965,14.29,3073
2019,District of Columbia,No,14194,38.89037138500049,-77.03196112699965,88.23,12516
2019,District of Columbia,Yes,14194,38.89037138500049,-77.03196112699965,11.83,1678
2019,Florida,No,91902,28.932040377000476,-81.92896053899966,83.23,76499
2019,Florida,Yes,91902,28.932040377000476,-81.92896053899966,16.79,15403
2019,Georgia,No,39814,32.83968109300048,-83.62758034599966,83.64,33292
2019,Georgia,Yes,39814,32.83968109300048,-83.62758034599966,16.39,6522
2019,Guam,No,13624,13.444304,144.793731,81.14,11053
2019,Guam,Yes,13624,13.444304,144.793731,18.85,2571
2019,Hawaii,No,43572,21.304850435000446,-157.85774940299973,87.71000000000001,38208
2019,Hawaii,Yes,43572,21.304850435000446,-157.85774940299973,12.31,5364
2019,Idaho,No,30810,43.682630005000476,-114.3637300419997,86.33,26582
2019,Idaho,Yes,30810,43.682630005000476,-114.3637300419997,13.709999999999999,4228
2019,Illinois,No,31523,40.48501028300046,-88.99771017799969,87.09,27457
2019,Illinois,Yes,31523,40.48501028300046,-88.99771017799969,12.9,4066
2019,Indiana,No,48772,39.766910452000445,-86.14996019399968,83.67,40806
2019,Indiana,Yes,48772,39.766910452000445,-86.14996019399968,16.330000000000002,7966
2019,Iowa,No,55355,42.46940091300047,-93.81649055599968,85.21,47154
2019,Iowa,Yes,55355,42.46940091300047,-93.81649055599968,14.82,8201
2019,Kansas,No,63156,38.34774030000045,-98.20078122699965,85.92999999999999,54282
2019,Kansas,Yes,63156,38.34774030000045,-98.20078122699965,14.07,8874
2019,Kentucky,No,43771,37.645970271000465,-84.77497104799966,79.42,34776
2019,Kentucky,Yes,43771,37.645970271000465,-84.77497104799966,20.53,8995
2019,Louisiana,No,26012,31.31266064400046,-92.44568007099969,80.76,21003
2019,Louisiana,Yes,26012,31.31266064400046,-92.44568007099969,19.22,5009
2019,Maine,No,63809,45.254228894000505,-68.98503133599962,85.71,54681
2019,Maine,Yes,63809,45.254228894000505,-68.98503133599962,14.28,9128
2019,Maryland,No,96281,39.29058096400047,-76.60926011099963,88.34,85052
2019,Maryland,Yes,96281,39.29058096400047,-76.60926011099963,11.620000000000001,11229
2019,Massachusetts,No,42621,42.27687047000046,-72.08269067499964,88.7,37800
2019,Massachusetts,Yes,42621,42.27687047000046,-72.08269067499964,11.32,4821
2019,Michigan,No,59404,44.6613195430005,-84.71439026999968,84.7,50323
2019,Michigan,Yes,59404,44.6613195430005,-84.71439026999968,15.23,9081
2019,Minnesota,No,87094,46.35564873600049,-94.79420050299967,86.37,75193
2019,Minnesota,Yes,87094,46.35564873600049,-94.79420050299967,13.66,11901
2019,Mississippi,No,28736,32.745510099000455,-89.53803082499968,82.75,23789
2019,Mississippi,Yes,28736,32.745510099000455,-89.53803082499968,17.22,4947
2019,Missouri,No,41118,38.635790776000476,-92.56630005299968,82.72,34014
2019,Missouri,Yes,41118,38.635790776000476,-92.56630005299968,17.27,7104
2019,Montana,No,36914,47.06652897200047,-109.42442064499971,84.8,31303
2019,Montana,Yes,36914,47.06652897200047,-109.42442064499971,15.23,5611
2019,Nebraska,No,89988,41.6410409880005,-99.36572062299967,86.42,77772
2019,Nebraska,Yes,89988,41.6410409880005,-99.36572062299967,13.6,12216
2019,Nevada,No,15726,39.493240390000494,-117.07184056399967,84.59,13304
2019,Nevada,Yes,15726,39.493240390000494,-117.07184056399967,15.43,2422
2019,New Hampshire,No,31850,43.65595011300047,-71.50036091999965,87.49,27856
2019,New Hampshire,Yes,31850,43.65595011300047,-71.50036091999965,12.530000000000001,3994
2019,New Mexico,No,33686,34.52088095200048,-106.24058098499967,85.58,28821
2019,New Mexico,Yes,33686,34.52088095200048,-106.24058098499967,14.44,4865
2019,New York,No,76692,42.82700103200045,-75.54397042699964,86.95,66653
2019,New York,Yes,76692,42.82700103200045,-75.54397042699964,13.1,10039
2019,North Carolina,No,23901,35.466220975000454,-79.15925046299964,83.42,19941
2019,North Carolina,Yes,23901,35.466220975000454,-79.15925046299964,16.58,3960
2019,North Dakota,No,31806,47.47531977900047,-100.11842104899966,86.57000000000001,27533
2019,North Dakota,Yes,31806,47.47531977900047,-100.11842104899966,13.43,4273
2019,Ohio,No,75236,40.06021014100048,-82.40426005599966,81.69,61465
2019,Ohio,Yes,75236,40.06021014100048,-82.40426005599966,18.29,13771
2019,Oklahoma,No,35204,35.47203135600046,-97.52107021399968,83.84,29518
2019,Oklahoma,Yes,35204,35.47203135600046,-97.52107021399968,16.16,5686
2019,Oregon,No,33960,44.56744942400047,-120.15503132599969,86.0,29201
2019,Oregon,Yes,33960,44.56744942400047,-120.15503132599969,14.03,4759
2019,Pennsylvania,No,37431,40.79373015200048,-77.86070029399963,83.59,31292
2019,Pennsylvania,Yes,37431,40.79373015200048,-77.86070029399963,16.41,6139
2019,Puerto Rico,No,34613,18.220833,-66.590149,91.49,31682
2019,Puerto Rico,Yes,34613,18.220833,-66.590149,8.43,2931
2019,Rhode Island,No,33140,41.70828019300046,-71.52247031399963,87.06,28867
2019,Rhode Island,Yes,33140,41.70828019300046,-71.52247031399963,12.88,4273
2019,South Carolina,No,39925,33.998821303000454,-81.04537120699968,84.91,33897
2019,South Carolina,Yes,39925,33.998821303000454,-81.04537120699968,15.129999999999999,6028
2019,South Dakota,No,37638,44.353130053000484,-100.3735306369997,84.16,31673
2019,South Dakota,Yes,37638,44.353130053000484,-100.3735306369997,15.83,5965
2019,Tennessee,No,34312,35.68094058000048,-85.77449091399967,80.74,27701
2019,Tennessee,Yes,34312,35.68094058000048,-85.77449091399967,19.26,6611
2019,Texas,No,67560,31.827240407000488,-99.42677020599967,86.2,58260
2019,Texas,Yes,67560,31.827240407000488,-99.42677020599967,13.75,9300
2019,Utah,No,67111,39.360700171000474,-111.58713063499971,92.78,62297
2019,Utah,Yes,67111,39.360700171000474,-111.58713063499971,7.16,4814
2019,Vermont,No,35698,43.62538123900049,-72.51764079099962,87.56,31259
2019,Vermont,Yes,35698,43.62538123900049,-72.51764079099962,12.43,4439
2019,Virginia,No,55347,37.54268067400045,-78.45789046299967,86.31,47769
2019,Virginia,Yes,55347,37.54268067400045,-78.45789046299967,13.69,7578
2019,Washington,No,71497,47.52227862900048,-120.47001078999972,88.31,63130
2019,Washington,Yes,71497,47.52227862900048,-120.47001078999972,11.71,8367
2019,West Virginia,No,30418,38.66551020200046,-80.71264013499967,79.84,24287
2019,West Virginia,Yes,30418,38.66551020200046,-80.71264013499967,20.15,6131
2019,Wisconsin,No,27843,44.39319117400049,-89.81637074199966,86.83,24171
2019,Wisconsin,Yes,27843,44.39319117400049,-89.81637074199966,13.21,3672
2019,Wyoming,No,26296,43.23554134300048,-108.10983035299967,86.47,22741
2019,Wyoming,Yes,26296,43.23554134300048,-108.10983035299967,13.51,3555
2020,Alabama,No,29781,32.84057112200048,-86.63186076199969,84.18,25071
2020,Alabama,Yes,29781,32.84057112200048,-86.63186076199969,15.79,4710
2020,Alaska,No,20362,64.84507995700051,-147.72205903599973,83.17,16934
2020,Alaska,Yes,20362,64.84507995700051,-147.72205903599973,16.8,3428
2020,Arizona,No,56067,34.865970280000454,-111.76381127699972,86.35,48407
2020,Arizona,Yes,56067,34.865970280000454,-111.76381127699972,13.69,7660
2020,Arkansas,No,28738,34.74865012400045,-92.27449074299966,83.85,24101
2020,Arkansas,Yes,28738,34.74865012400045,-92.27449074299966,16.13,4637
2020,California,No,26373,37.63864012300047,-120.99999953799971,91.47,24115
2020,California,Yes,26373,37.63864012300047,-120.99999953799971,8.57,2258
2020,Colorado,No,55729,38.843840757000464,-106.13361092099967,88.3,49191
2020,Colorado,Yes,55729,38.843840757000464,-106.13361092099967,11.74,6538
2020,Connecticut,No,49120,41.56266102000046,-72.64984095199964,88.07,43265
2020,Connecticut,Yes,49120,41.56266102000046,-72.64984095199964,11.959999999999999,5855
2020,Delaware,No,21753,39.008830667000495,-75.57774116799965,85.6,18621
2020,Delaware,Yes,21753,39.008830667000495,-75.57774116799965,14.39,3132
2020,District of Columbia,No,18853,38.89037138500049,-77.03196112699965,90.15,16992
2020,District of Columbia,Yes,18853,38.89037138500049,-77.03196112699965,9.88,1861
2020,Florida,No,64300,28.932040377000476,-81.92896053899966,84.14,54114
2020,Florida,Yes,64300,28.932040377000476,-81.92896053899966,15.81,10186
2020,Georgia,No,49007,32.83968109300048,-83.62758034599966,84.74,41512
2020,Georgia,Yes,49007,32.83968109300048,-83.62758034599966,15.28,7495
2020,Guam,No,12405,13.444304,144.793731,83.03,10301
2020,Guam,Yes,12405,13.444304,144.793731,16.94,2104
2020,Hawaii,No,44029,21.304850435000446,-157.85774940299973,89.31,39323
2020,Hawaii,Yes,44029,21.304850435000446,-157.85774940299973,10.700000000000001,4706
2020,Idaho,No,33488,43.682630005000476,-114.3637300419997,86.51,28969
2020,Idaho,Yes,33488,43.682630005000476,-114.3637300419997,13.51,4519
2020,Illinois,No,20252,40.48501028300046,-88.99771017799969,87.94,17805
2020,Illinois,Yes,20252,40.48501028300046,-88.99771017799969,12.01,2447
2020,Indiana,No,46248,39.766910452000445,-86.14996019399968,82.54,38184
2020,Indiana,Yes,46248,39.766910452000445,-86.14996019399968,17.419999999999998,8064
2020,Iowa,No,54010,42.46940091300047,-93.81649055599968,85.84,46364
2020,Iowa,Yes,54010,42.46940091300047,-93.81649055599968,14.17,7646
2020,Kansas,No,57566,38.34774030000045,-98.20078122699965,85.56,49245
2020,Kansas,Yes,57566,38.34774030000045,-98.20078122699965,14.48,8321
2020,Kentucky,No,22006,37.645970271000465,-84.77497104799966,80.61,17738
2020,Kentucky,Yes,22006,37.645970271000465,-84.77497104799966,19.37,4268
2020,Louisiana,No,26013,31.31266064400046,-92.44568007099969,83.45,21708
2020,Louisiana,Yes,26013,31.31266064400046,-92.44568007099969,16.57,4305
2020,Maine,No,60707,45.254228894000505,-68.98503133599962,86.34,52400
2020,Maine,Yes,60707,45.254228894000505,-68.98503133599962,13.65,8307
2020,Maryland,No,77061,39.29058096400047,-76.60926011099963,88.42,68146
2020,Maryland,Yes,77061,39.29058096400047,-76.60926011099963,11.59,8915
2020,Massachusetts,No,38934,42.27687047000046,-72.08269067499964,90.13,35094
2020,Massachusetts,Yes,38934,42.27687047000046,-72.08269067499964,9.83,3840
2020,Michigan,No,41142,44.6613195430005,-84.71439026999968,85.5,35185
2020,Michigan,Yes,41142,44.6613195430005,-84.71439026999968,14.47,5957
2020,Minnesota,No,88298,46.35564873600049,-94.79420050299967,85.88,75852
2020,Minnesota,Yes,88298,46.35564873600049,-94.79420050299967,14.12,12446
2020,Mississippi,No,36353,32.745510099000455,-89.53803082499968,83.69,30431
2020,Mississippi,Yes,36353,32.745510099000455,-89.53803082499968,16.28,5922
2020,Missouri,No,51912,38.635790776000476,-92.56630005299968,83.16,43170
2020,Missouri,Yes,51912,38.635790776000476,-92.56630005299968,16.84,8742
2020,Montana,No,35798,47.06652897200047,-109.42442064499971,85.53999999999999,30609
2020,Montana,Yes,35798,47.06652897200047,-109.42442064499971,14.49,5189
2020,Nebraska,No,83431,41.6410409880005,-99.36572062299967,86.75,72411
2020,Nebraska,Yes,83431,41.6410409880005,-99.36572062299967,13.18,11020
2020,Nevada,No,13990,39.493240390000494,-117.07184056399967,84.64,11841
2020,Nevada,Yes,13990,39.493240390000494,-117.07184056399967,15.33,2149
2020,New Hampshire,No,34804,43.65595011300047,-71.50036091999965,88.18,30694
2020,New Hampshire,Yes,34804,43.65595011300047,-71.50036091999965,11.81,4110
2020,New Jersey,No,59921,40.13057004800049,-74.27369128799967,89.49,53591
2020,New Jersey,Yes,59921,40.13057004800049,-74.27369128799967,10.59,6330
2020,New Mexico,No,39397,34.52088095200048,-106.24058098499967,86.46000000000001,34053
2020,New Mexico,Yes,39397,34.52088095200048,-106.24058098499967,13.57,5344
2020,New York,No,79096,42.82700103200045,-75.54397042699964,87.84,69476
2020,New York,Yes,79096,42.82700103200045,-75.54397042699964,12.14,9620
2020,North Carolina,No,32408,35.466220975000454,-79.15925046299964,84.52,27390
2020,North Carolina,Yes,32408,35.466220975000454,-79.15925046299964,15.48,5018
2020,North Dakota,No,25216,47.47531977900047,-100.11842104899966,86.1,21713
2020,North Dakota,Yes,25216,47.47531977900047,-100.11842104899966,13.85,3503
2020,Ohio,No,80063,40.06021014100048,-82.40426005599966,80.38,64389
2020,Ohio,Yes,80063,40.06021014100048,-82.40426005599966,19.58,15674
2020,Oklahoma,No,27441,35.47203135600046,-97.52107021399968,83.08,22792
2020,Oklahoma,Yes,27441,35.47203135600046,-97.52107021399968,16.96,4649
2020,Oregon,No,29635,44.56744942400047,-120.15503132599969,87.21,25839
2020,Oregon,Yes,29635,44.56744942400047,-120.15503132599969,12.81,3796
2020,Pennsylvania,No,30795,40.79373015200048,-77.86070029399963,85.11,26209
2020,Pennsylvania,Yes,30795,40.79373015200048,-77.86070029399963,14.93,4586
2020,Puerto Rico,No,28321,18.220833,-66.590149,91.14999999999999,25806
2020,Puerto Rico,Yes,28321,18.220833,-66.590149,8.870000000000001,2515
2020,Rhode Island,No,29149,41.70828019300046,-71.52247031399963,87.49,25494
2020,Rhode Island,Yes,29149,41.70828019300046,-71.52247031399963,12.51,3655
2020,South Carolina,No,22434,33.998821303000454,-81.04537120699968,84.94,19049
2020,South Carolina,Yes,22434,33.998821303000454,-81.04537120699968,15.08,3385
2020,South Dakota,No,38706,44.353130053000484,-100.3735306369997,84.11,32556
2020,South Dakota,Yes,38706,44.353130053000484,-100.3735306369997,15.9,6150
2020,Tennessee,No,25286,35.68094058000048,-85.77449091399967,80.97,20466
2020,Tennessee,Yes,25286,35.68094058000048,-85.77449091399967,19.04,4820
2020,Texas,No,59900,31.827240407000488,-99.42677020599967,84.51,50617
2020,Texas,Yes,59900,31.827240407000488,-99.42677020599967,15.55,9283
2020,Utah,No,61461,39.360700171000474,-111.58713063499971,93.01,57144
2020,Utah,Yes,61461,39.360700171000474,-111.58713063499971,7.02,4317
2020,Vermont,No,36277,43.62538123900049,-72.51764079099962,88.24,32001
2020,Vermont,Yes,36277,43.62538123900049,-72.51764079099962,11.77,4276
2020,Virginia,No,52759,37.54268067400045,-78.45789046299967,86.83,45803
2020,Virginia,Yes,52759,37.54268067400045,-78.45789046299967,13.17,6956
2020,Washington,No,70646,47.52227862900048,-120.47001078999972,88.77,62709
2020,Washington,Yes,70646,47.52227862900048,-120.47001078999972,11.23,7937
2020,West Virginia,No,33581,38.66551020200046,-80.71264013499967,79.81,26790
2020,West Virginia,Yes,33581,38.66551020200046,-80.71264013499967,20.24,6791
2020,Wisconsin,No,28485,44.39319117400049,-89.81637074199966,85.85,24447
2020,Wisconsin,Yes,28485,44.39319117400049,-89.81637074199966,14.17,4038
2020,Wyoming,No,26821,43.23554134300048,-108.10983035299967,86.08,23085
2020,Wyoming,Yes,26821,43.23554134300048,-108.10983035299967,13.9,3736
